;name;json
0;0.jpg;0.json
1;1.jpg;1.json
2;10.jpg;10.json
3;100.jpg;100.json
4;101.jpg;101.json
5;102.jpg;102.json
6;103.jpg;103.json
7;104.jpg;104.json
8;105.jpg;105.json
9;106.jpg;106.json
10;107.jpg;107.json
11;108.jpg;108.json
12;109.jpg;109.json
13;11.jpg;11.json
14;110.jpg;110.json
15;111.jpg;111.json
16;112.jpg;112.json
17;113.jpg;113.json
18;114.jpg;114.json
19;115.jpg;115.json
20;116.jpg;116.json
21;117.jpg;117.json
22;118.jpg;118.json
23;119.jpg;119.json
24;12.jpg;12.json
25;120.jpg;120.json
26;121.jpg;121.json
27;122.jpg;122.json
28;13.jpg;13.json
29;14.jpg;14.json
30;15.jpg;15.json
31;16.jpg;16.json
32;17.jpg;17.json
33;18.jpg;18.json
34;19.jpg;19.json
35;2.jpg;2.json
36;20.jpg;20.json
37;21.jpg;21.json
38;22.jpg;22.json
39;23.jpg;23.json
40;24.jpg;24.json
41;25.jpg;25.json
42;26.jpg;26.json
43;27.jpg;27.json
44;28.jpg;28.json
45;29.jpg;29.json
46;3.jpg;3.json
47;30.jpg;30.json
48;31.jpg;31.json
49;32.jpg;32.json
50;33.jpg;33.json
51;34.jpg;34.json
52;35.jpg;35.json
53;36.jpg;36.json
54;37.jpg;37.json
55;38.jpg;38.json
56;39.jpg;39.json
57;4.jpg;4.json
58;40.jpg;40.json
59;41.jpg;41.json
60;42.jpg;42.json
61;43.jpg;43.json
62;44.jpg;44.json
63;45.jpg;45.json
64;46.jpg;46.json
65;47.jpg;47.json
66;48.jpg;48.json
67;49.jpg;49.json
68;5.jpg;5.json
69;50.jpg;50.json
70;51.jpg;51.json
71;52.jpg;52.json
72;53.jpg;53.json
73;54.jpg;54.json
74;55.jpg;55.json
75;56.jpg;56.json
76;57.jpg;57.json
77;58.jpg;58.json
78;59.jpg;59.json
79;6.jpg;6.json
80;60.jpg;60.json
81;61.jpg;61.json
82;62.jpg;62.json
83;63.jpg;63.json
84;64.jpg;64.json
85;65.jpg;65.json
86;66.jpg;66.json
87;67.jpg;67.json
88;68.jpg;68.json
89;69.jpg;69.json
90;7.jpg;7.json
91;70.jpg;70.json
92;71.jpg;71.json
93;72.jpg;72.json
94;73.jpg;73.json
95;74.jpg;74.json
96;75.jpg;75.json
97;76.jpg;76.json
98;77.jpg;77.json
99;78.jpg;78.json
100;79.jpg;79.json
101;8.jpg;8.json
102;80.jpg;80.json
103;81.jpg;81.json
104;82.jpg;82.json
105;83.jpg;83.json
106;84.jpg;84.json
107;85.jpg;85.json
108;86.jpg;86.json
109;87.jpg;87.json
110;88.jpg;88.json
111;89.jpg;89.json
112;9.jpg;9.json
113;90.jpg;90.json
114;91.jpg;91.json
115;92.jpg;92.json
116;93.jpg;93.json
117;94.jpg;94.json
118;95.jpg;95.json
119;96.jpg;96.json
120;97.jpg;97.json
121;98.jpg;98.json
122;99.jpg;99.json
